Frames#,score_overall,nose_score,nose_x,nose_y,leftEye_score,leftEye_x,leftEye_y,rightEye_score,rightEye_x,rightEye_y,leftEar_score,leftEar_x,leftEar_y,rightEar_score,rightEar_x,rightEar_y,leftShoulder_score,leftShoulder_x,leftShoulder_y,rightShoulder_score,rightShoulder_x,rightShoulder_y,leftElbow_score,leftElbow_x,leftElbow_y,rightElbow_score,rightElbow_x,rightElbow_y,leftWrist_score,leftWrist_x,leftWrist_y,rightWrist_score,rightWrist_x,rightWrist_y,leftHip_score,leftHip_x,leftHip_y,rightHip_score,rightHip_x,rightHip_y,leftKnee_score,leftKnee_x,leftKnee_y,rightKnee_score,rightKnee_x,rightKnee_y,leftAnkle_score,leftAnkle_x,leftAnkle_y,rightAnkle_score,rightAnkle_x,rightAnkle_y
0,0.9276852186988381,0.9998911619186401,375.6051029962547,203.19929677746566,0.9999701976776123,404.4842384519351,162.24888567025593,0.9998959302902222,340.1782439918851,167.35896535580522,0.9992424845695496,455.086269116729,174.63094227918225,0.9998629093170166,295.42583489388267,187.55509470583644,0.9811373353004456,516.9936505149813,382.5202139903246,0.9530270099639893,232.35169904806492,382.78204490480647,0.981745719909668,491.39727684144816,627.1419026997503,0.9972308278083801,212.74115363607984,631.019136235955,0.9981070756912231,417.7998693039949,799.3369128433208,0.9948049783706665,321.10126014357047,767.6246001092384,0.8644903898239136,469.42718086766536,721.5525027309612,0.8314738273620605,271.145443196005,717.1222007646692,0.9366282820701599,517.0740675717852,979.287706772784,0.9963570833206177,275.8511333489388,1014.6452676342071,0.8319137692451477,315.41710557116096,1137.180575062422,0.4048697352409363,320.8668363764044,1144.3702208177278
1,0.9439201951026917,0.9998621940612793,366.22625039013724,212.18225752965043,0.9999465942382812,413.1307545255929,173.14379974250934,0.999884307384491,346.49115363607984,176.11631700608612,0.9992936849594116,446.9055282459425,184.8902982599875,0.99965900182724,287.977966994382,196.39503355181023,0.9778615236282349,525.6121254681648,395.21167388420724,0.974681556224823,231.35050912921344,389.8149042212859,0.9908154010772705,492.6455212234706,638.8677727059925,0.9988057613372803,199.1984140917603,636.5886879681648,0.9966456294059753,418.6535873127341,814.3570536828963,0.9965289235115051,316.57010767790257,778.9552610018726,0.8980294466018677,457.52184769038695,726.6423318508114,0.6760450601577759,264.7755735018726,736.5275339419475,0.9405412673950195,521.4450686641698,980.966175093633,0.9920972585678101,263.366299937578,1016.8584191635455,0.9316710233688354,305.6164657459425,1142.1138615792759,0.6742746829986572,311.9192805867665,1135.8048533083645
2,0.9405058411990895,0.9998655915260315,366.0875565699125,211.7989476045568,0.9999477863311768,413.114661360799,172.90459679307116,0.9998888969421387,346.3405606273408,175.99077812890135,0.9992599487304688,446.85968710986265,184.88108126560547,0.9996822476387024,287.7920177902621,195.83981936641698,0.9790941476821899,518.660463483146,394.46053760923843,0.9739786386489868,231.3381710362047,388.85706831304617,0.990636944770813,492.1318078963794,639.1020989388264,0.9984794855117798,197.13453885767785,635.7667173845193,0.9983301162719727,416.3326603464419,815.3424918071161,0.9967995285987854,314.81307545255925,778.3389903245942,0.898563802242279,455.9192610799,724.8803253745318,0.6699932813644409,264.96327832397003,735.6203671192259,0.9411701560020447,520.1906796192259,982.5383309925093,0.9956296682357788,262.3431647940074,1014.8671582397003,0.9275892972946167,308.9262445380774,1141.9732170724094,0.6196897625923157,312.10201115792756,1135.996215667915
3,0.9417331358965706,0.9998750686645508,366.50007802746563,211.84149695692884,0.9999405741691589,413.65363607990014,172.97940562578026,0.9998766183853149,346.9684866573033,175.77711698267788,0.9992644786834717,447.3813007178527,185.4751994577091,0.9997272491455078,288.0949106585517,195.4665554775281,0.9789078235626221,525.3801400593009,393.53627789481897,0.978416919708252,231.1143297440699,388.29110096754056,0.9920843839645386,490.31445068664164,638.0850109238452,0.9983644485473633,196.87646301498125,636.1367138732834,0.9988904595375061,413.57833957553055,819.9144623907615,0.9972028732299805,311.4276587858926,773.9604790886392,0.8910525441169739,453.80447292446934,726.1461259363296,0.6936536431312561,265.8082670099875,736.4595525124844,0.9373552799224854,519.404894272784,982.2480688202247,0.9928493499755859,261.4542856585517,1013.6457357990012,0.9390441179275513,303.90849328963793,1142.5029260299625,0.6129574775695801,311.60253784332076,1137.7544670724094
4,0.9406495199483984,0.999873161315918,367.0778714107365,212.49834191635455,0.9999263286590576,414.25444756554305,173.25305038623594,0.9998524188995361,348.33884402309604,175.61056491885142,0.9992104768753052,448.9987613139825,184.826535190387,0.9997580051422119,289.16066830524346,195.81038838171034,0.9803557395935059,525.0881222690386,394.4032605727216,0.9794265031814575,229.186612437578,389.4636099406991,0.9910280704498291,491.4817415730337,638.7158629837702,0.997506856918335,194.0862008426966,634.140625,0.9989609718322754,413.5965784956304,822.0522198813982,0.9972460269927979,308.93765605493127,769.8783746878901,0.868509829044342,446.30466799313353,728.0117626404494,0.6934447884559631,267.48853971598,735.1350850499375,0.913986325263977,519.5479283707865,981.2657030274656,0.991356372833252,259.6153245942571,1011.4099563046192,0.9258039593696594,302.82439918851435,1140.2005305867665,0.6547960042953491,307.72749882958794,1137.2213444132333
5,0.942081563612994,0.9998777508735657,367.3722787921348,212.81903480024968,0.9999220371246338,414.47204666042444,173.3940850304307,0.9998571276664734,348.73429697253425,175.54658239700373,0.9993495941162109,450.09012172284645,184.88689675015604,0.9997602701187134,289.26990675717855,195.92891697877653,0.9816818237304688,524.5733360642946,394.5697516775905,0.9795757532119751,229.2215784956304,390.9722222222222,0.991411030292511,490.16814918851435,638.5665866885143,0.997438907623291,189.85998946629212,633.8965941011236,0.9990423917770386,415.3570731897628,818.7772120786516,0.9946039915084839,315.36336415418225,759.5061349094881,0.8478274941444397,454.30326349875156,725.8394292290886,0.7863499522209167,271.44345934769035,728.6536360799001,0.9404672384262085,524.7074457709114,980.1562499999999,0.9917497634887695,257.3441401373283,1012.4369928214732,0.9047257900238037,304.08195809925087,1138.569756554307,0.6017456650733948,308.52108692259674,1135.396379525593
6,0.9445181979852564,0.9998787641525269,367.34009246254675,212.96835986267166,0.9999265670776367,414.4659995318351,173.48858360642944,0.9998559951782227,348.8781113451935,175.6510782420412,0.9994239807128906,450.8273349719101,185.1915086610487,0.9997528195381165,289.2667856585517,196.29467072409486,0.9819525480270386,525.0909019975031,394.9764698423845,0.9778216481208801,230.11762640449433,390.5166881242197,0.992795467376709,489.5466116573033,638.8287102059925,0.9962095022201538,200.75789052746563,631.6636918695381,0.9974614381790161,423.3384051186017,815.2092599094881,0.9978733062744141,306.51846324906364,741.871586298377,0.8857492208480835,450.0407693508114,727.1487301029962,0.7129464745521545,267.3699867353308,729.0422128589263,0.9527518153190613,524.1554014513108,980.136743133583,0.9860220551490784,266.5205114700374,1033.4795372971284,0.924479603767395,300.99367977528084,1138.7940855181023,0.6519081592559814,305.53648759363296,1135.731800093633
7,0.939223075614256,0.9998780488967896,367.9705543851435,212.96136177434457,0.9999122619628906,414.7618211610486,173.28192054853307,0.9998268485069275,349.44083567415726,175.2208177278402,0.9994274377822876,451.2424898564294,185.4063524110487,0.999750018119812,288.89927629525585,196.4894467852684,0.9823440313339233,523.8725518882646,395.62841370162295,0.978330135345459,228.61686563670406,390.8644224016854,0.9936175346374512,489.1748595505618,638.9616982677902,0.996966540813446,197.92988256866414,628.9724758114857,0.9996565580368042,406.13408044631706,824.8140995630462,0.9931278228759766,300.7951974094881,722.1491690074906,0.7592306733131409,443.4309651997503,715.3104030118601,0.7907838821411133,272.2424118289638,737.1792095817727,0.953850507736206,523.7736520755305,981.025963639201,0.9834731817245483,262.5771984238452,1032.694288389513,0.8986209630966187,299.5327617821473,1138.357131710362,0.6379958391189575,302.90866885143566,1135.180340980025
8,0.9306974691503188,0.9998763799667358,369.46663350499375,212.71035717072408,0.9999231100082397,399.23718398876406,170.38835732677902,0.9998199343681335,334.46814528714106,174.3023003472222,0.9994412660598755,452.417339653558,186.2411731429463,0.9998131990432739,289.1886118913858,195.9398042485955,0.9841971397399902,524.7970310549313,398.2141951466916,0.9869122505187988,226.16885143570534,390.4491455992509,0.9919203519821167,488.6507100499375,639.6183481585517,0.9986482858657837,189.80712585830207,628.4032166822722,0.9999179840087891,405.3865285580524,820.7882724719101,0.9906538724899292,301.02069678526834,701.5910287921348,0.698157548904419,465.0502301810237,725.6439216604244,0.6700285077095032,276.01255266853934,729.3220388576779,0.9252021908760071,525.9968008739075,982.8599016853932,0.9849506616592407,256.736013576779,1010.7516970973783,0.9226314425468445,302.7587098158551,1138.9503355181023,0.6697628498077393,305.90843476903865,1136.653206928839
9,0.9404640232815462,0.9998700022697449,368.62613139825214,213.19385923845192,0.9999053478240967,398.87508778089887,170.80306111501247,0.9998297691345215,349.4636587078651,175.1018014591136,0.999478280544281,451.7434261860175,186.66664228308363,0.9997699856758118,288.28632178526834,195.77284985564918,0.9841024875640869,525.0113627496878,397.6129935237203,0.980510413646698,220.6061758739076,392.0286409566167,0.9923306703567505,488.3463053995006,640.1088970817727,0.9987566471099854,177.77748517478148,629.9292876092384,0.9995778203010559,402.73652075530583,821.1519779962547,0.9959151744842529,294.99385533707857,669.4608789794007,0.7471021413803101,473.5359121410736,710.0221890605493,0.8253199458122253,273.56497737203495,725.075832943196,0.9179627895355225,528.5814119069912,982.1812578027465,0.9844720959663391,256.4460440074906,1029.2434261860174,0.9159638285636902,301.51704900124844,1138.964868133583,0.6470209956169128,305.3326896067415,1137.3892009987514
10,0.9506460884038139,0.9998655319213867,368.48085401061167,213.47570907459425,0.9998989105224609,398.64861306179773,171.13003277153558,0.9998484253883362,349.0435295724094,175.5015215355805,0.9994767904281616,450.9776841448189,187.1229566557428,0.9997620582580566,288.4329158863919,195.5714780352684,0.9827513694763184,524.3328651685392,398.54366612047437,0.9756703972816467,214.3344744850187,393.1544066011236,0.9902048110961914,486.84364271223467,641.5945887952558,0.9990185499191284,173.75804658239696,630.0664696473158,0.9982997179031372,401.48734979712856,828.0465823970037,0.9864034652709961,283.3612769194756,638.7346383426966,0.8427680134773254,461.6007822253433,727.6932155118601,0.8879178166389465,279.1570107677902,720.0004876716604,0.9259011745452881,526.6928058676654,981.6629603620473,0.988714337348938,254.2540086610486,1026.7049001248438,0.910680890083313,299.3426673689138,1138.9342423533083,0.6738012433052063,304.187734082397,1137.1663350499375
11,0.9456703031764311,0.9998655319213867,368.11861150124844,213.23353132802745,0.9999029636383057,414.9050990948814,173.43066040496254,0.9998512268066406,348.9418012640449,175.55122746956928,0.9994322657585144,449.7677219881398,187.47375107287763,0.9997246265411377,287.74846871098623,195.60034819756552,0.9814245700836182,524.5089146379526,396.70863081304617,0.9735596179962158,211.89036165730334,392.6664911048689,0.9945238828659058,488.2201935081148,640.6139786204743,0.9989485144615173,184.53100616416975,632.9834776841448,0.9993384480476379,402.2236364700374,827.5331616729088,0.9889394044876099,304.35968710986265,604.1259948501872,0.8384498357772827,458.3572780118601,728.9992489856429,0.8550763130187988,270.19658044631706,705.7808598626716,0.8962062001228333,528.573121488764,980.3794085518102,0.988976240158081,255.9692474250936,1026.3679190074906,0.912866473197937,297.26338171036207,1139.518863139825,0.6493090391159058,303.71469257178524,1138.0119577091136
12,0.9488025973824894,0.9998651742935181,367.63240285580525,213.2113178838951,0.9999212026596069,414.213044241573,173.14058110955054,0.9998663663864136,348.16391619850185,175.36793607599873,0.9993306994438171,447.92110447877644,187.40517224563044,0.9996893405914307,286.9322526529338,194.82668149188513,0.9824985265731812,524.5261782147315,394.79027680243445,0.9885342121124268,217.29937187890135,389.7608214341448,0.995475172996521,487.19788740636704,641.2230805243445,0.9970212578773499,180.21262484394504,639.2625429151061,0.9987950325012207,402.36086727528084,828.2120006242196,0.9941251277923584,292.21456577715355,563.3276275749064,0.8093578815460205,438.82124882958794,725.0143863139825,0.8669180870056152,268.6550015605493,708.2224855649188,0.9277111291885376,524.8184886079899,981.8850460362047,0.9796522855758667,253.7598509675405,1027.1861345193508,0.9232834577560425,295.7645716292135,1139.765527465668,0.6675992012023926,301.64057623283395,1138.6472963483145
13,0.9472009083803963,0.9998608827590942,367.33697136392004,212.65941986579276,0.9999339580535889,413.56761079900116,172.8014786204744,0.9998632669448853,347.5929014513108,174.83074135845817,0.999344527721405,446.90630852059917,187.91139981273406,0.999704122543335,286.1095017946317,194.06762055243445,0.9850808382034302,519.9563533863919,392.999790301186,0.9877505302429199,210.69844335205988,389.91265800561797,0.9953478574752808,487.5932915886392,640.3243016541822,0.9960206151008606,175.34897784019972,633.8549469413233,0.9982814192771912,399.85564918851435,826.6206304619226,0.9925124645233154,308.9732073189763,528.7252262796504,0.8181317448616028,450.6059320380774,725.1438143726591,0.8863828778266907,268.13841097066165,703.335332787141,0.8878207206726074,527.8686797752808,980.3628277153557,0.9766267538070679,255.55901802434448,1028.82344335206,0.928857684135437,296.7622503121098,1140.5875468164793,0.6508951783180237,303.5194288389513,1138.1281210986267
14,0.9516814456266516,0.9998406171798706,365.39662336142317,212.30695517322096,0.9999481439590454,412.14297557740315,172.64335108458175,0.9998828768730164,345.3204490480649,175.11171338561172,0.9993906021118164,445.18209659800243,188.37875994850185,0.9995856881141663,284.77801186017473,192.2612603386392,0.9817071557044983,516.46145443196,393.0191996332709,0.9852573871612549,210.9017049001248,389.75950472066165,0.993860125541687,487.05348782771534,640.0933891229713,0.9965878129005432,175.43802668539325,638.4546172752808,0.9981224536895752,397.87965238764036,828.0893024344568,0.9968769550323486,308.25038038389505,486.41644233770285,0.8339806795120239,448.9365831772784,726.9277660736578,0.887536346912384,269.04567532771534,702.9200803682896,0.9029516577720642,525.7886626092384,980.734140917603,0.9670648574829102,257.85170880149815,1030.3243991885142,0.9363018274307251,295.7201935081148,1143.8652855805242,0.6996893882751465,304.3273057116105,1140.245786516854
15,0.9508867404040169,0.9997972249984741,362.90603542446934,212.22734277465668,0.9999496936798096,410.8552785580524,172.39962498049312,0.999897837638855,343.9948111735331,174.9468315972222,0.9992907047271729,443.9278538545568,188.4243084815855,0.9995415210723877,298.8163721129837,194.2211761665106,0.9800162315368652,521.1554892322097,393.53947214419475,0.9675639271736145,207.9037921348314,388.4493260377653,0.9925232529640198,486.6791998283395,640.312646301498,0.9919692277908325,169.85564918851435,638.2090745942571,0.9965648055076599,396.5832748127341,828.8413896691635,0.9965425729751587,298.72225148252187,459.2702481273408,0.857032060623169,448.05926186017473,732.8678995006242,0.8481821417808533,263.05404377340824,702.73671582397,0.9450370073318481,523.3613744538077,983.9314138576779,0.9680240154266357,262.40124648876406,1032.2291471598003,0.9195542335510254,293.746586298377,1143.9794982833957,0.7035881280899048,300.7769584893882,1139.9579627028713
16,0.9498287334161646,0.9997028112411499,360.4448540886392,211.54413916198502,0.999962329864502,408.5560042134831,172.7580514591136,0.9999054670333862,342.062265917603,175.20793100421346,0.9993270635604858,443.5003608770287,188.38752584659798,0.9995838403701782,297.7179404650436,194.61873829588015,0.979217529296875,520.5505325374531,392.66093164794006,0.9726802110671997,223.0703320068664,383.4646145443196,0.9919692277908325,486.6161438826466,639.7801088483146,0.9917261600494385,174.08702988451932,635.8758583021223,0.9956531524658203,395.20238373907614,829.0649383583021,0.9935753345489502,289.4487359550561,442.1367333801498,0.8636460900306702,445.8331382646692,734.3660756086142,0.8330966234207153,262.72018375468167,704.03957943196,0.94775390625,525.6565035892634,985.6079314918851,0.9645938873291016,260.8738100811486,1033.2016619850187,0.9343178272247314,298.7424898564294,1143.5496644818975,0.6803770065307617,306.9470291042446,1139.2526919475654
17,0.9494072654668022,0.999590277671814,375.4093028245942,211.37889161985018,0.9999712705612183,406.6218496410736,173.37221295646066,0.9999150037765503,340.60617587390755,175.42565201700998,0.9993011951446533,442.22992743445684,187.9703715082709,0.9995092153549194,296.4284390605493,195.5241251170412,0.9800879955291748,522.3145872347066,392.8242285034332,0.9735947251319885,213.28056725967537,382.1880120552434,0.993685245513916,487.08343086766536,640.3946239076155,0.9837424755096436,169.63385611735328,633.8531913233458,0.9973225593566895,392.93334503745314,829.5859667602996,0.9901402592658997,281.45833333333326,435.49089029338325,0.840744137763977,446.8330602372034,733.1118816323345,0.8345041275024414,262.85712195692884,705.7476494225967,0.9484826326370239,525.4224211922597,986.4121995942571,0.9610766172409058,261.7327949438202,1032.2641619850187,0.9356206059455872,298.2799332865168,1143.876209425718,0.7026351690292358,306.451018258427,1140.210284019975
18,0.9473687655785504,0.9996993541717529,374.35012874531833,212.04509987515604,0.9999779462814331,404.56626482521847,173.7837956460674,0.9999228119850159,338.32289715980016,176.21916695926964,0.9992667436599731,440.7516483302122,188.74912219101122,0.9995698928833008,296.05122503121095,196.58383563514357,0.9821094274520874,521.8486657303371,392.64425327715355,0.9710235595703125,213.9872034956304,379.30467774656677,0.9936075210571289,485.9211142322097,640.042573735955,0.9715660810470581,179.94552707553055,629.7698189762796,0.9977550506591797,393.35591253121095,829.9475265293382,0.9908198118209839,275.67859511548056,426.87348821785264,0.8522437214851379,448.6530021067415,733.5036282771536,0.8121950626373291,258.9750604712858,705.1217228464419,0.9377551078796387,526.5493328651685,988.98671582397,0.9565330147743225,262.36408590823964,1031.6116573033707,0.9246925115585327,298.1487008426966,1142.555301966292,0.7165313959121704,306.69792642009986,1139.7577247191011
19,0.9486598267274744,0.9996810555458069,371.2809183832709,213.3877818742197,0.9999794960021973,402.57466253121095,174.2242728815543,0.9999184608459473,336.0407400905118,176.89677453963793,0.9992578029632568,439.67681999063666,189.68079451466915,0.999565839767456,294.03977450062416,196.93386196941321,0.9823984503746033,522.208177278402,392.49583040730334,0.9682111740112305,215.3429794787765,379.8165623049313,0.9939316511154175,485.1427902621722,639.2997522627965,0.9838348627090454,180.0032674001248,625.0743699282147,0.9979252815246582,393.62110838014974,829.7575296504369,0.9970046281814575,279.7697214419476,418.3330894975031,0.8479903340339661,450.2727547596753,733.4423767166043,0.7989372611045837,266.85900436953807,704.9177785580524,0.9459549188613892,524.9442103620474,989.0868835830212,0.952743411064148,259.6890117821473,1031.6420880149813,0.9184563755989075,296.01245513420724,1144.7169553682895,0.7414260506629944,304.1314080056179,1141.774051966292
20,0.9460100251085618,0.9996190071105957,367.9679697253433,213.12597534332085,0.9999773502349854,402.25553019662914,174.7131271457553,0.999931275844574,334.9995123283395,177.22045441245317,0.9993162155151367,438.63676264044943,190.86288623595505,0.9994279146194458,293.5231839107365,197.58298952481272,0.9823085069656372,522.2873263888888,393.69091857833956,0.9635085463523865,215.49186563670406,380.4138625546192,0.992281436920166,484.58572292446934,639.3964575530587,0.9845553636550903,182.4486969413233,627.5386235955056,0.9976567029953003,393.42199204119845,830.8247503121098,0.9973034858703613,281.8483731273408,414.4047479712859,0.8642657995223999,450.66932935393254,733.3190445536828,0.7987155914306641,265.8335771691635,703.2261918695381,0.9359056353569031,527.0077929931335,988.2287765293382,0.9567375779151917,260.5305379993757,1032.092111423221,0.9045141339302063,293.9092735642946,1144.751970193508,0.7061458826065063,302.45074516229704,1142.2931296816478
21,0.9441808321896721,0.9996167421340942,367.928614622347,213.71342462546815,0.9999802112579346,401.64389240012486,176.17547157849563,0.9999157190322876,335.3946239076155,178.19917485955054,0.9992965459823608,438.03629252496876,191.2671172752809,0.9993070363998413,288.9943235018726,194.76583226045568,0.9834207892417908,521.5678156210986,395.8397218320849,0.9736230373382568,219.8879818196005,379.0195848938826,0.9901762008666992,484.72612359550556,638.7917934612983,0.986198902130127,180.3583899032459,620.7212663857678,0.9975352883338928,395.2529552902621,828.8925951935081,0.9956172704696655,279.9996098626716,415.3182057584269,0.847368597984314,449.31623556491877,734.2661516853932,0.8074489831924438,266.87856000312104,705.0773447253433,0.9499987363815308,525.5166393570537,990.3159137016229,0.9397599101066589,259.9734706616729,1031.8688553370787,0.8929795026779175,291.5918090667915,1144.7137367353307,0.6888306736946106,299.8408239700374,1141.5812265917602
22,0.9425828842555776,0.9996073246002197,367.69194756554305,214.53646808676652,0.9999818205833435,400.7659858770287,176.88880110799,0.999908983707428,334.97132490636704,179.1889166861735,0.9993170499801636,437.2115909800249,192.19173055165416,0.9992936253547668,287.8577071629213,195.15393355961297,0.9824978113174438,520.6751326466916,396.3422674781523,0.9732728004455566,222.8765312890137,380.2280352684145,0.9902999997138977,484.7310003121098,639.2460596129837,0.9882889986038208,166.6744206460674,621.9125507178527,0.9979040622711182,394.0278753121098,829.0193898252185,0.9970732927322388,289.34925093632955,410.826067025593,0.8627636432647705,447.1081558208489,736.2220076466916,0.8249685764312744,260.1163584581773,705.6441654962547,0.963956356048584,523.2507217540574,990.589497503121,0.9302241206169128,264.01134324282145,1039.1702754369537,0.8875702619552612,291.9058208489388,1144.9109511548065,0.6269803047180176,299.60371800873907,1142.7940660112358
23,0.9379624724388123,0.9997231960296631,367.64986150124844,215.97561154026215,0.9999810457229614,399.48311680711606,177.0917944366417,0.9999002814292908,334.2125565699125,180.31337780898875,0.9993239641189575,436.887679463171,192.86931374843945,0.9991235733032227,287.26367431335825,195.27132832006865,0.9858997464179993,518.229605571161,396.2440260221598,0.9605450630187988,225.03628277153553,380.6013479244694,0.9896678328514099,483.7130344881398,639.4241573033707,0.9940923452377319,169.10166003433204,618.5008973158551,0.9984826445579529,394.5036477840199,835.0210674157303,0.997795820236206,290.7392614700374,410.12479517790257,0.8599382042884827,447.7556862515605,735.1920450998751,0.8067408204078674,261.32929541198496,705.6863490948814,0.968488335609436,523.1863003277153,990.9968008739075,0.9367998838424683,257.4245084269662,1032.823911516854,0.883525013923645,293.2497464107365,1147.3980766229713,0.5653342604637146,303.9105902777777,1144.1184847066168
24,0.9400661763022927,0.9996833205223083,367.4324087078651,216.6594735096754,0.9999783635139465,399.71276139200995,177.8410287921348,0.9998699426651001,333.87538038389505,181.27638303682895,0.9992961883544922,436.6933423064919,193.1805945692884,0.9989668130874634,286.7686388108614,196.5195361267166,0.9847632050514221,517.8483926342072,396.0940182194132,0.9609319567680359,227.41568156991258,379.07959289169787,0.9893920421600342,483.13489973470655,640.3334698813982,0.9954677820205688,177.2927883114856,616.7193352059925,0.9988586902618408,395.6598685237203,833.4923142946317,0.997498095035553,293.6170607053682,410.1469354712859,0.8535717725753784,447.46088873283395,732.9134968008739,0.8036471605300903,266.36401763420724,704.5465628901372,0.9640303254127502,522.7550035112359,991.3701622971286,0.9345261454582214,257.58953651685385,1034.6499492821472,0.8861647844314575,299.03996956928836,1149.4770209113608,0.6144784092903137,299.17583489388267,1144.411672908864
25,0.9401297814705792,0.9996539950370789,366.7157264357053,217.60853132802745,0.999975323677063,399.4402992353308,178.71158366495004,0.9998388290405273,333.0187851123595,182.74309213093008,0.99927818775177,436.76912648252176,193.08624229478775,0.9988394379615784,286.49115363607984,196.78975499375778,0.9853534698486328,517.869898954432,396.5759841214107,0.9622403383255005,226.37986696317103,378.630569210362,0.9907147884368896,483.16684222846436,640.4858185081148,0.9952307343482971,179.38607014669162,616.4953476123595,0.9985442161560059,395.7226318664169,832.6468867041198,0.9973686933517456,293.9182954900125,410.97909839263417,0.8516215085983276,447.8471246878901,732.6266483302122,0.8165297508239746,266.2488295880149,704.7307077091135,0.9636107683181763,522.8155235642946,990.720388576779,0.9555575847625732,264.8564782303371,1042.2775241885142,0.887366771697998,296.04147159800243,1150.0791003433208,0.5804818868637085,303.70225694444446,1146.6353581460673
26,0.9405705227571375,0.9994641542434692,367.0256417759051,219.56765468945068,0.9999722242355347,398.7941830524344,179.3980912531211,0.9998251795768738,332.36569522471905,183.4171518999688,0.9991418123245239,436.9923825686641,192.7387518531523,0.9990165829658508,285.819239622347,197.3450423299001,0.9836274981498718,518.1788389513108,395.7532332631086,0.9611226320266724,228.80559456928836,378.5462020131086,0.9892722964286804,483.3862944756554,640.6850323813982,0.9959033131599426,182.30190777153553,615.2544183052435,0.9985703229904175,396.22746956928836,832.1880852059925,0.9970675706863403,292.89267322097373,411.2345408083645,0.8588072061538696,449.0048572097378,732.6207962702871,0.7965559959411621,266.7398661828963,704.472680633583,0.9664896726608276,521.7322097378277,991.3215901997503,0.9418869614601135,264.86891385767785,1040.390625,0.8862053155899048,294.8567220661672,1149.9148525280898,0.6167701482772827,310.49791276529334,1145.6892751248438
27,0.9360240732922274,0.9992966651916504,366.5275827091135,220.20338346598,0.9999678134918213,398.4738803058676,179.4810563943508,0.9998120665550232,331.91762250312104,183.68157966604244,0.999120831489563,436.9866768102372,192.6639674040262,0.9990682601928711,285.53726786828963,198.14258056335828,0.983367919921875,518.8650905118601,396.1114037141073,0.9655430316925049,227.6853152309613,378.0189801810237,0.9874023795127869,482.9884519350811,640.5375604712858,0.9954931735992432,183.36703144506862,615.5438026685393,0.9985162615776062,396.04771379525585,827.2439723782771,0.9969332218170166,296.3217852684145,407.7439821317103,0.8421657681465149,427.0651919475655,717.6617119225967,0.8053621053695679,265.8219218164794,704.0075881710362,0.9653475284576416,522.8080621878901,991.7136782147315,0.9617725610733032,263.0511177434456,1036.0470310549313,0.8846473693847656,294.07108302122344,1150.2570029650437,0.5285922884941101,315.9193586142321,1144.6369772159799
28,0.9342420171288883,0.999316394329071,366.5215355805243,220.7060022627965,0.9999672174453735,398.2039540418227,179.37643863139823,0.9997799396514893,331.65554775280896,183.875234082397,0.999043345451355,436.28511235955057,192.7403855532147,0.999129056930542,285.4807954900125,197.90313377808988,0.9822918176651001,520.3774090980024,395.6057125858302,0.9559845924377441,227.09113607990008,378.0850596910112,0.9841991662979126,482.6914111267166,639.6446824282147,0.9968543648719788,184.05274656679148,614.2794163545568,0.9986314177513123,397.06343632958794,827.1928643882646,0.9946298599243164,300.4714809612983,399.8225118991885,0.8589211702346802,448.74956109550556,733.2270209113608,0.8024872541427612,265.41969023096124,704.5044768258426,0.9614402055740356,523.173328261548,991.9006515293382,0.9621895551681519,262.19540028089887,1036.5020287141074,0.8665074706077576,295.4328085986267,1148.5440074906367,0.5207414627075195,310.71000117041194,1145.4556803995006
29,0.9443038456580218,0.9995189905166626,364.8694502965043,220.36933813202245,0.9999684691429138,397.7046757958801,179.6160561017478,0.9997825026512146,331.23107833957545,183.98203417602994,0.9990289211273193,435.70868445692884,192.74475021457553,0.9990569353103638,285.3081109550561,197.8155235642946,0.9798910021781921,521.1676810237203,395.87580953495626,0.9671357870101929,223.35342540574277,378.56290476747813,0.9846568703651428,483.4382802746567,639.7430945692884,0.993933379650116,183.38580680399497,614.7770365168539,0.9986207485198975,398.49470388576776,826.6904650436953,0.9965065121650696,303.10144545880144,396.86770930867664,0.8536109924316406,446.687734082397,732.9275905118601,0.8204407095909119,266.21508270911363,703.9393629057428,0.971863865852356,523.2513557272159,990.2136977215979,0.967219352722168,264.28717033395753,1037.6399617665418,0.895836591720581,295.54682623283395,1148.8812812109861,0.6260937452316284,310.85332787141067,1145.1938007178526
30,0.9400486069567063,0.999480128288269,362.90744967228466,221.07256066635455,0.9999631643295288,397.16394545880144,179.83524012952557,0.999806821346283,329.58572292446934,183.35804609472532,0.9990458488464355,434.55699906367033,193.57106107599873,0.9990200996398926,285.14644779962543,197.87392224563044,0.9789083003997803,521.1115012484394,395.81697194912607,0.9705543518066406,224.31662570224717,379.5133524500624,0.9840890169143677,482.4749824438202,638.7463424625467,0.9947075843811035,183.1791315543071,610.8888791354557,0.9989014863967896,397.76797557740326,827.1231273408239,0.9933009147644043,300.0722241729088,395.33366495006237,0.8384101390838623,429.99946356117346,714.8948579900125,0.8061854243278503,269.70364193195996,705.4406601123595,0.9662724733352661,523.1989797908864,991.3891814918851,0.9613221883773804,260.8209952403246,1038.4608107053682,0.8774474859237671,293.8090570380774,1147.5787102059924,0.6134108901023865,303.9047382178527,1141.8034098002497
31,0.9431597134646248,0.9995954036712646,362.86448579900116,220.93481780586765,0.9999611377716064,396.90991729088637,180.12509997269038,0.9997878074645996,329.82434066791507,183.36459308676652,0.9990056753158569,434.3782186329588,193.73638176888264,0.9989421963691711,285.4140332397003,198.125573014201,0.9800419807434082,520.9887542915105,394.50862203495626,0.9768446683883667,220.90550873907614,379.2238461688514,0.98239666223526,482.62659956304617,639.5717267478152,0.995215892791748,185.45860642946315,609.4193781210986,0.9985476732254028,397.51419124531833,827.1557038077402,0.991769015789032,295.9943625156054,391.0009948501872,0.8459341526031494,449.28487827715355,731.8532986111111,0.829865038394928,268.1250975343321,705.6920060861423,0.9605354070663452,522.5687129369537,989.9362125468165,0.9563437700271606,261.52377887016223,1039.9099758114855,0.8822129368782043,293.10047011548056,1147.4987320536827,0.6367157101631165,302.70028675093624,1142.7341799313358
32,0.9450634612756617,0.9995669722557068,363.00215550873907,221.54560217696627,0.999962329864502,396.96955953495626,180.16485740480647,0.9997963905334473,329.5672889357053,183.63668948970036,0.9990136623382568,434.3742684925094,193.92709796348313,0.9990538358688354,285.9967521067415,198.50420129135455,0.9830007553100586,520.4183247503121,394.823121488764,0.9796618819236755,223.1858126560549,378.69313748439447,0.9841320514678955,482.2490441635455,639.6373185861423,0.9957847595214844,185.11133544007487,607.7649520131085,0.9985824823379517,397.80684300873907,827.1218593945068,0.9818786978721619,305.793929463171,384.47055926186016,0.8575218319892883,448.76492275280896,733.7244947721598,0.8263241052627563,263.0236618289638,705.8145092072409,0.9694053530693054,520.9001443508114,991.1585127965043,0.9575060606002808,263.44427863607984,1040.626170411985,0.8771755695343018,293.3127048220973,1146.6190699126091,0.6577121019363403,303.2416022940074,1140.2478347378276
33,0.9427684931194081,0.9996218681335449,363.2671075218476,221.58034878277152,0.9999581575393677,396.752106741573,180.14941040496254,0.9998047351837158,328.1966877340824,183.4878277153558,0.9988490343093872,433.64500429151053,193.88025710049936,0.9989748001098633,288.3030489232209,200.18618084815853,0.9827245473861694,519.3366202403246,394.32793968476904,0.958748459815979,226.96009870474404,376.7777095037453,0.9891582727432251,481.3559222846442,639.8942240168539,0.9951460361480713,187.6237710674157,604.5326642478152,0.9987895488739014,397.8313728932584,827.0606078339575,0.9796575307846069,304.26107990012486,383.19761431023716,0.8643178939819336,449.7503608770287,733.0915457240949,0.8091979026794434,262.88355376092386,705.7721793071161,0.9643113613128662,522.432311173533,989.4633661048689,0.9707128405570984,262.39500429151053,1039.026997503121,0.8988102674484253,295.7772510923845,1147.8220583645443,0.6182811260223389,307.45015995630456,1143.0680399500623
34,0.9432552176363328,0.9996403455734253,363.208830758427,221.85759012172284,0.9999572038650513,396.7089965667915,180.29806491885142,0.9998093843460083,327.65268999687885,183.80024237281523,0.9989522695541382,433.3786867977527,193.90646945224717,0.9990431666374207,286.2740909800249,198.18875087780899,0.9837393164634705,518.1866904650436,395.1722943976279,0.9626428484916687,226.03337624843942,376.02003842852685,0.9899754524230957,481.28701427902615,640.2192571785268,0.9950412511825562,188.05423884207238,604.1350655430712,0.9988139271736145,396.18860213795256,828.2489661360798,0.9844444990158081,304.905830602372,381.01582006866414,0.8681533336639404,448.9402894818976,734.7777192571784,0.8220605850219727,273.2021984238452,722.0813338795256,0.9603615999221802,520.9807077091135,991.9686329588014,0.9722713828086853,260.3422479712858,1036.78331772784,0.8782331943511963,293.4206265605493,1147.7997230024969,0.6221989393234253,302.6029474875156,1144.756554307116
35,0.939576268196106,0.9996234178543091,363.21912063046193,222.17552766073658,0.9999573230743408,396.9522959581773,180.48364836922596,0.9998045563697815,327.4955621878901,183.77025056569911,0.9989528656005859,433.4840238764044,194.36727040418225,0.9990348219871521,286.4939333645443,198.24504037921346,0.9833779335021973,518.5956031523095,395.5926917524969,0.9630905389785767,225.16931960049936,375.7936856273408,0.9883972406387329,481.1522218320848,639.6689684769038,0.9937465190887451,188.80174196317103,602.7560763888888,0.998883068561554,396.047860096754,828.6101357677902,0.9833635091781616,304.49945380774034,380.90292407927586,0.8638683557510376,449.28858458177274,735.1395716292135,0.805415689945221,263.6923572097378,704.3596383426966,0.9666150212287903,519.8096129837702,992.3384831460673,0.9704350233078003,261.14632100499375,1037.029982053683,0.8636754751205444,292.03539520911363,1148.5932623283395,0.5945551991462708,302.0028187421972,1145.7339458489387
36,0.9413337812704199,0.999620258808136,363.6976728308364,222.46322955680398,0.999957799911499,397.4405528245942,180.5459728074282,0.9997833967208862,328.7678975499375,183.81390937109862,0.9991329908370972,434.1422343164794,194.66951710752184,0.9989542961120605,287.72296348314603,198.63264181491883,0.9840912818908691,518.9899832240949,395.5890342150437,0.9719160199165344,222.32941245318347,377.6793412531211,0.9887601733207703,480.93506164169787,639.8778870162297,0.9939958453178406,188.23301927278402,603.7315660112359,0.9988723993301392,395.72355844257174,828.2616455992509,0.9855307936668396,304.57879798689135,380.9738071551186,0.8708476424217224,449.04045724094874,735.202286204744,0.8308359384536743,263.3934144818976,705.8277251092384,0.9694082736968994,519.958742977528,990.7177551498127,0.9747769832611084,264.43703183520597,1038.3040730337077,0.8828191161155701,294.5837722378277,1148.8151529338327,0.5533710718154907,305.5750136548064,1145.3221558988764
37,0.9433139106806587,0.9995118379592896,362.6171875,222.58982911985018,0.999958336353302,397.54223236579276,180.82979771379524,0.9998103380203247,329.84379876716605,183.71953271301496,0.9992049932479858,434.75616416978767,195.40367021691634,0.9990311861038208,288.6329100343321,198.88807203885767,0.9850157499313354,518.4590063202247,396.4592355259051,0.9788565635681152,218.5871176654182,379.0938085205992,0.9879896640777588,481.1103308364544,640.162053292759,0.9969402551651001,183.94121605805242,607.4959523252185,0.9988219141960144,394.46912063046193,828.8286126716604,0.9867693781852722,301.75795880149815,386.82106351435704,0.8773841261863708,449.7525553995006,735.8349426498127,0.8260511755943298,261.09662726279646,706.6689099563046,0.9714945554733276,519.1025866104868,992.4369928214732,0.976007878780365,262.66946590199746,1039.776061173533,0.8611636757850647,293.7791139981273,1147.3566245318352,0.5923248529434204,303.5919456148564,1146.1153050873907
38,0.9380096758113188,0.9994635581970215,363.7040125624219,220.15437246410735,0.999954104423523,398.67767829275897,180.89115900046815,0.9998030066490173,331.26009480337075,183.21446336610487,0.9992097020149231,435.1663935705368,195.87027446161048,0.9991134405136108,289.4754115948814,203.86560256710362,0.985092043876648,517.8526353776529,399.57211688514354,0.9847348928451538,218.5356683052434,378.48897374375775,0.9885032176971436,481.51334269662914,640.1340121722847,0.9971706867218018,182.6489349250936,610.0489134675405,0.9990218877792358,394.1725674937578,828.8433403558051,0.9955480098724365,298.66870513420724,395.59544709737827,0.8736342191696167,449.37816986579276,736.4263908395754,0.8259384632110596,262.77499804931335,703.8684554463171,0.9710973501205444,520.2703651685392,992.5748088327091,0.9789854288101196,261.4681843008739,1040.4795763108614,0.827567994594574,297.6955075686641,1149.5838210049938,0.52132648229599,309.2007549157303,1148.0247347066168
39,0.9409044770633473,0.9992085695266724,363.35098704744064,219.47894721441946,0.999954879283905,399.1837839419476,180.0093023369226,0.9998108148574829,332.9786009675405,181.99718613451935,0.9992650747299194,436.68788038389505,196.2920738725031,0.9993483424186707,291.4144916510611,203.4332572565543,0.9830427169799805,517.9209581772784,400.64796933520597,0.9744135737419128,221.3738686017478,379.1142907303371,0.9856737852096558,481.2384421816479,640.7857365792759,0.9961056113243103,180.84011196941321,611.4986150124844,0.998608410358429,394.87344920411977,828.4177005305867,0.9964891672134399,295.9612983770287,401.2478298611111,0.8773335814476013,449.73226825842687,736.8149676186017,0.8148975372314453,259.26722456304617,706.7501072877652,0.9731683135032654,519.6493153089887,993.3713717228463,0.9859039783477783,261.008797596754,1040.0511079900125,0.8479024171829224,294.6104966448189,1150.7527699750312,0.5642493367195129,304.82048806179773,1147.7986501248438
40,0.9312839087317971,0.9992365837097168,364.2915593789013,218.93838756242195,0.9999443292617798,400.08119733146066,179.97410463483146,0.9998220205307007,334.177395443196,181.62921348314606,0.9993568658828735,438.56770833333326,197.0607907108302,0.9995260834693909,293.21434144818977,204.7905450218477,0.9861423969268799,515.9607131710361,401.06917134831457,0.9797403812408447,213.87908668851435,378.96906210986265,0.9844895601272583,486.97287570224717,646.2440991729088,0.9953406453132629,181.44185003121095,614.4366904650436,0.9984713792800903,395.73409215043694,827.6509831460673,0.9962029457092285,295.3313728932584,402.77202325218474,0.8582072257995605,450.6884948501872,734.8241455992509,0.8302101492881775,257.259919241573,707.127711454432,0.9755104780197144,519.4254740168539,994.0634753433208,0.9900929927825928,261.7099231429463,1037.6639552122347,0.8299827575683594,301.3116416978776,1150.195458801498,0.40954965353012085,314.8362398564294,1147.0810900436952
41,0.9335358335691339,0.999199390411377,365.06061758739077,218.74546465355803,0.9999364614486694,400.7275573501872,179.93170158395753,0.9998522996902466,334.37353698501875,181.46145443196005,0.9993026256561279,439.4458099250936,197.94347641619848,0.9995691776275635,293.72927395443196,205.20665086610487,0.9859475493431091,517.9864524812733,401.4240012484394,0.9759464263916016,215.757159019975,378.204295411985,0.9839339256286621,487.17491807116096,646.048981741573,0.9979720115661621,181.5150495474407,618.4448638420723,0.998242199420929,395.07237047440697,828.2036126716604,0.9963257312774658,296.3933754681648,403.4367441089263,0.8383502960205078,449.57236072097373,735.7604264200999,0.8363853693008423,256.55781835205994,706.7735155274656,0.9698952436447144,519.7407049781523,994.5625585205992,0.9894938468933105,262.0571453651685,1037.4773720349563,0.8261480927467346,299.2270891853932,1149.6248829588014,0.47360852360725403,310.4255910580524,1146.8721715043694
42,0.9295078936745139,0.9990147352218628,364.6999843945068,219.9210703417603,0.9999294281005859,400.94530274656677,180.1326954588015,0.9998558163642883,334.3288174937578,181.6074389435081,0.9993070363998413,432.4561095505618,201.5156225616417,0.9996764659881592,293.82002965043694,205.5408034878277,0.9843702912330627,516.9107463327091,401.6053907225343,0.9775574207305908,215.90414325842693,378.81890800561797,0.9862395524978638,484.14320965980016,640.4628004057428,0.9985052347183228,182.99664481897628,618.622522627965,0.9984768629074097,395.6529435861423,828.0299040262172,0.9966362118721008,297.2991768102372,402.9490480649188,0.8738060593605042,449.9201681491885,734.950550093633,0.8297847509384155,257.674635221598,705.3779943039949,0.9663505554199219,519.3925561797753,994.0389942259675,0.9846900701522827,262.9522179307115,1037.081870318352,0.7832690477371216,302.7180379993757,1149.0550873907614,0.42416465282440186,308.7340531367041,1154.5156445068662
43,0.9289738763781155,0.9990256428718567,364.9806394350811,219.98063943508114,0.9999278783798218,401.1931862515605,180.34964838873282,0.9998618364334106,334.28858458177274,181.70720437343945,0.9992307424545288,432.3427258895131,202.00453778480025,0.9996190071105957,294.2379154962547,205.73119050405742,0.9841992855072021,516.5107092696629,401.68861189138573,0.9783746004104614,215.6025183364544,378.72998107833956,0.9875987768173218,483.8105688202247,641.0268902153558,0.9985092878341675,182.83410385455676,619.538223704744,0.9987618923187256,395.29460245006237,829.3040925405743,0.9969797134399414,296.5835674157303,402.122005696005,0.860231876373291,449.64638927902615,735.8951700998751,0.8259807229042053,257.8626326466916,705.6386060393259,0.9707905054092407,520.1980434612983,993.6051615168539,0.9830235242843628,262.54525593008736,1037.0684105805242,0.8187577128410339,297.9921582397003,1151.1847495318352,0.391682893037796,300.2130149812733,1140.2486150124844
44,0.933787522947087,0.999143123626709,365.28836025280896,219.1365041744694,0.9999294877052307,401.37879408551805,180.69478581460672,0.9998326301574707,334.4270345661672,182.54776743913857,0.999247670173645,439.39172713795256,198.73051751716602,0.9995460510253906,293.5827286204744,205.80165905898875,0.9861476421356201,515.3242041198502,401.42278206928836,0.9805999994277954,216.5744967228464,380.0835381554307,0.9871896505355835,485.4993757802746,646.6060003121098,0.9986342191696167,183.50435978464418,617.5531562109862,0.998587429523468,394.00261392009986,830.4714809612983,0.9957228899002075,299.59947526529334,400.3052824594257,0.8702194690704346,450.37921348314603,735.6248049313358,0.8340489864349365,258.4908512796504,706.0245006242197,0.9688751101493835,517.9536809456928,992.7627574906367,0.9853437542915344,260.33195809925087,1036.718847534332,0.8393597602844238,302.37622893258424,1150.776665886392,0.43196001648902893,315.3628277153558,1147.2803526841446
45,0.9306989592664382,0.999456524848938,364.53876014357047,220.27680243445693,0.9999274015426636,401.0058715667915,181.44595866495004,0.9997795820236206,332.94270833333326,184.2501194795568,0.99921715259552,438.60896535580525,198.8923757412609,0.9993795156478882,292.2907400905118,205.214868133583,0.9859088659286499,515.8448423845193,402.14299996098623,0.9819839596748352,221.20220817727835,379.52683657147315,0.988835334777832,486.2402465667915,646.2175210674156,0.9958078861236572,180.00824165106116,615.3165964419476,0.9988906979560852,393.5619050405743,830.6071512172284,0.9959694147109985,299.0176342072409,398.0828651685393,0.877800703048706,450.819190855181,734.9211434925094,0.811962366104126,268.4169202559301,725.4240792759051,0.9709265232086182,518.580046426342,992.8584386704119,0.9878253936767578,260.86244733146066,1035.2763147627963,0.8181625604629517,300.28323970037445,1150.5149812734082,0.4100484251976013,316.2903792134831,1147.479225187266
46,0.9260202383293825,0.9996484518051147,366.82442844881393,220.68196004993757,0.9999276399612427,400.8667388420723,182.49673259987514,0.9996892213821411,333.48153675093624,186.07820546582397,0.9991571307182312,430.3876502028713,201.43113344647315,0.99920654296875,292.02530040574277,204.88164208801496,0.9843752384185791,518.4745630461922,401.1010163077403,0.9847754240036011,223.90527465667913,379.9413330992509,0.987160325050354,485.31708411360796,646.5615734238452,0.9978856444358826,182.0210576622971,614.6004506086142,0.9989221692085266,393.63739661360796,830.941011235955,0.996725857257843,299.63053995006237,394.59818293539325,0.8523435592651367,450.03569756554305,736.1952832397003,0.8242357969284058,270.8523525280899,724.2385982365793,0.9672200083732605,519.5636801654182,993.4349641073658,0.9780528545379639,263.61701193820227,1035.8201661985017,0.7905114889144897,300.3556589419476,1151.439606741573,0.38250669836997986,300.92501560549306,1140.8267009987514
47,0.9265969518352958,0.9996464252471924,368.7459035580524,222.2588463639201,0.9999252557754517,399.8889571629213,183.30718194054307,0.9995626211166382,335.4769916510611,182.2603459542759,0.9991339445114136,437.613773798377,198.30714536516854,0.9991939067840576,290.8062675561797,204.77098938826467,0.98549485206604,518.1415808364544,400.7218759753433,0.9776256084442139,226.90269975031208,380.1750009753433,0.9869771003723145,485.3089887640449,646.0774617665418,0.9965968132019043,182.74373829588012,611.0509324282147,0.9987431168556213,394.2634207240949,831.1920646067415,0.9961179494857788,299.03957943195996,392.35340589887636,0.8368360996246338,450.2233536204743,735.5428273252185,0.8240471482276917,260.698638420724,704.0456753277153,0.9681614637374878,516.2826252340824,994.6813553370786,0.9832393527030945,261.79180321473154,1037.6347924469412,0.8046720027923584,302.5111676810237,1151.5268024344568,0.39617452025413513,323.4486676810237,1146.2413194444443
48,0.9296853892943439,0.9996178150177002,367.50204822097373,223.82661321785267,0.9999196529388428,399.30618952871407,183.53924050015604,0.9996164441108704,334.84321356117346,182.56290964419475,0.9992372989654541,437.0557798845193,198.33877087234706,0.9991277456283569,288.7998400436953,200.8770774812734,0.9853866100311279,517.9299313358301,400.7191693976279,0.975946307182312,226.39947136392004,379.4644389825218,0.9864084720611572,484.98990519662914,645.5774032459425,0.9942131042480469,181.4402894818976,610.1601513732834,0.9990218877792358,393.7970115480649,830.6494811173533,0.9944826364517212,299.6451213327091,391.3021564840824,0.8531187772750854,449.4033337234706,735.174586454432,0.832257091999054,260.5701857053682,703.4477411048689,0.9693710803985596,515.6834718320848,993.9140527465668,0.9823309779167175,260.60003121098623,1036.154806491885,0.8260632753372192,303.2633036828963,1150.7335557116105,0.40853244066238403,299.13506554307116,1141.9415184144818
49,0.9245754778385162,0.9995640516281128,367.7669026997503,224.19034312578026,0.9999097585678101,399.15876638576776,184.16594735096754,0.999604344367981,334.72188085205994,182.90748624765916,0.9992930293083191,436.8415457240949,198.79868182350185,0.9991809129714966,289.0764474094881,200.98053702403246,0.9841637015342712,516.9341545724094,400.50215550873907,0.9762485027313232,225.08090472846442,379.1869538077403,0.9861396551132202,485.28294709737827,645.4882568664169,0.9920840263366699,181.09316479400746,610.1890703027466,0.9990406036376953,393.62110838014974,830.8516697877652,0.9930628538131714,298.7906718164794,392.0593155040574,0.8470964431762695,449.31462624843937,734.895443196005,0.8281652331352234,259.84731000312104,704.1819307896379,0.9721882939338684,515.1549332865168,992.961922596754,0.9852293729782104,259.5041354556804,1034.681940543071,0.7894691824913025,304.9506963951311,1151.5261196941324,0.36734315752983093,297.9758700062422,1144.1491104868912
50,0.9244020248160643,0.9995840787887573,367.1671153245942,224.4837020131086,0.9999152421951294,395.8734199438202,183.5755110799001,0.9996387958526611,334.22133465980016,183.78856263654805,0.9992225766181946,436.9756066635455,199.03521477059923,0.9992417097091675,291.43482755930086,204.94243036048687,0.986703634262085,515.7465277777777,401.630335127965,0.9787715673446655,226.12452208177274,378.7059144818976,0.9864906072616577,481.91230688202245,641.103015761548,0.9938837289810181,182.060022627965,609.928799937578,0.9991378784179688,394.02860681960044,830.5975928526841,0.9942907094955444,299.9017829275905,391.8377175015605,0.820044755935669,449.3066284332084,736.1381281210986,0.8046206831932068,259.96157147315853,702.6605902777777,0.972402811050415,514.3397413389513,994.1194600499375,0.9787998199462891,262.22251482521847,1036.941615948814,0.7637907266616821,308.43262328339574,1150.4468047752807,0.4382950961589813,296.5224133895131,1145.2731936641696
51,0.9273140290204216,0.9995284080505371,366.6623263888888,224.24569385923843,0.99991774559021,396.5719608302122,183.3970720193508,0.9996465444564819,334.8080036672909,183.16198989544318,0.9991331100463867,437.30897901061167,199.60632705212234,0.9991945028305054,289.3936778245942,200.64877399344567,0.9866209030151367,516.3893765605493,400.7841760299625,0.9787617921829224,225.15693274032458,379.2204080836454,0.9868711829185486,484.6996430243445,647.0797733302122,0.9971027374267578,182.5795392478152,609.6877926029962,0.9991405010223389,394.2842443039949,830.639922752809,0.9953833222389221,300.1823404338327,392.24675210674155,0.8188651204109192,450.11182311173525,735.4054502184769,0.8290091753005981,261.5783493289638,703.630520443196,0.9743918180465698,514.5103776529338,995.9947526529338,0.9763219356536865,254.65043695380768,1039.654435861423,0.7844092845916748,301.8517868289638,1151.9155742821472,0.4400404095649719,295.30459971910113,1144.352176966292
52,0.9262926333090838,0.9996092319488525,368.3073404338327,223.32852976747813,0.9999179840087891,397.4060256710362,183.18917759051186,0.9996305108070374,334.5044280586766,186.5528562929151,0.9990527629852295,438.7624843945068,200.59214312187888,0.9992921948432922,292.5042427434456,204.3375468164794,0.9874165058135986,514.3549079275905,401.46764786204744,0.9779912233352661,222.63245162297125,379.7638449984394,0.9883807897567749,484.4907732521847,647.7483711766541,0.9990126490592957,187.03466370162295,611.528021613608,0.9990571737289429,394.7605044475655,831.2011352996254,0.9946883916854858,300.9861208645443,395.2742177746567,0.8152462244033813,450.2416900749063,736.3781601123595,0.8220041990280151,268.6729966448189,722.6477157459425,0.972250759601593,517.5096071317104,995.3248868601747,0.9769266843795776,262.7631963951311,1038.0749648876404,0.7647768259048462,304.7055926186017,1150.6849836142321,0.451720654964447,313.1087117665418,1155.681472378277
53,0.9255822160664726,0.9994655251502991,370.4404162765293,222.6021428292759,0.9999215602874756,398.88835245006237,182.16702998205366,0.9996144771575928,335.81363139825214,186.55936670958175,0.9990733861923218,439.5848938826466,200.6587956460674,0.9994503259658813,293.14874960986265,204.95801147003743,0.986406147480011,513.0327812890137,400.83040730337075,0.9753584861755371,222.04056452871407,380.39786692415726,0.98993980884552,484.8236579275905,649.344081616729,0.9994252920150757,186.6864661360799,613.956821551186,0.9990061521530151,395.8227996254682,829.8031757178526,0.9955852031707764,300.908776139201,398.02844101123594,0.8257261514663696,450.68410580524335,735.9194073813982,0.8129590749740601,260.8831733770287,706.3303195224719,0.9719313383102417,515.1142614700374,995.1554697253432,0.977969229221344,262.09898759363296,1039.5413935705367,0.7412077188491821,304.78527816791507,1151.192552278402,0.46185779571533203,311.2171796972534,1155.5915457240949
54,0.9268411450526294,0.9993050694465637,369.1494518570537,222.25182389200998,0.9999061822891235,399.5406132958801,182.29180077637326,0.9996766448020935,335.25593008739077,185.75729312968164,0.9989810585975647,439.9964887640449,201.03085254759674,0.9995707273483276,293.9562851123595,206.4823267790262,0.9860190749168396,511.336269116729,400.72606995162295,0.9721358418464661,221.58537180087387,381.262655079588,0.9917314052581787,481.0675132646692,644.2025105337078,0.9985336065292358,185.44309847066165,615.6862515605493,0.9989805221557617,392.39651607365784,830.9567142634206,0.9938493967056274,301.0261587078651,403.7345408083645,0.8402240872383118,450.24037336142317,735.6022745006242,0.8068565130233765,261.2508778089888,705.2766561329588,0.9791259765625,513.1737183988763,996.6022940074906,0.9888401031494141,259.80483380149815,1041.0438124219725,0.7553969621658325,307.7128686797753,1150.594081616729,0.4471662938594818,312.55437539013724,1154.812734082397
55,0.9311168193817139,0.9993720054626465,367.7178429307115,222.03085986267163,0.9999228715896606,399.53593164794006,183.2913813787453,0.9995294213294983,334.76138225655427,187.00446463405117,0.9990066289901733,440.1339634051186,200.9612983770287,0.9996062517166138,293.3910248907615,207.16287258114855,0.9845184087753296,511.24492821473154,402.53445400280896,0.9752852916717529,225.39828144506862,382.987110838015,0.9917232394218445,484.48009324282145,649.2220174001249,0.9983599185943604,189.2088014981273,615.4118387172284,0.998956561088562,395.64533590823964,832.2581148564294,0.9953403472900391,302.270257880774,404.03523915418225,0.8374312520027161,451.94527348626707,733.9036165730337,0.8342230319976807,269.2726864856429,722.7877262796504,0.9777119755744934,513.0287336142321,996.891190699126,0.990973949432373,259.4744362515605,1041.0867275280898,0.8131177425384521,304.7543597846442,1151.294768258427,0.43390703201293945,310.1533239700374,1154.2065582084892
56,0.9310116136775297,0.9993654489517212,367.8725323813982,222.44011392009986,0.9999229907989502,399.55451193820215,183.3578876014357,0.9995280504226685,334.68706109550556,187.01110916042447,0.998981237411499,440.0998263888888,201.01474719101122,0.9996480345726013,293.2486247659176,207.59038994225966,0.9834673404693604,509.7731839107365,402.7857268258427,0.9735442399978638,225.63348548689135,382.44686817259674,0.9922881126403809,483.7046953027465,648.2132198033707,0.9994975328445435,192.56710362047437,616.6574496722847,0.9989235997200012,390.9348665730337,832.4824438202247,0.9956433176994324,301.26453261548056,404.15430419007487,0.8244452476501465,451.1757763732834,733.9689158083645,0.8255462646484375,267.19188904494376,723.1193430087391,0.9775427579879761,513.7937929151061,997.4521106429463,0.9912940263748169,260.0929989856429,1042.3011274968787,0.8388808369636536,303.66041471598,1152.8487827715355,0.42867839336395264,297.48005422908864,1143.4244303995006
57,0.9292878438444698,0.9990561008453369,367.28508309925087,223.87701408395753,0.9999284744262695,398.9684281367041,183.55852791432582,0.9994509816169739,336.28077208177274,182.99431618679773,0.9989065527915955,439.6572643570537,201.46744060159176,0.9996267557144165,292.6548357521847,208.8932779338327,0.9834383726119995,510.46909137016223,403.2017595193508,0.9696861505508423,226.52563202247188,381.33875624219723,0.993297278881073,483.3465492353308,648.7537063046192,0.9991829991340637,190.21086922596749,616.4184417915105,0.9991657733917236,393.7697019350811,831.1537336142321,0.995478630065918,301.3243211610486,403.2694483458177,0.8437957763671875,451.31885923845186,733.2586708021223,0.8124239444732666,266.9676088483146,723.3550347222222,0.9786696434020996,513.92239193196,998.0566284332084,0.9912775754928589,257.6066537921348,1040.0553995006242,0.8260636329650879,306.1949906367041,1151.5127574906367,0.40844470262527466,298.3796621410736,1142.5682740324594
58,0.9273807686917922,0.9992333650588989,367.8324945380774,224.13238334893882,0.9999301433563232,398.70074516229704,183.38411214497503,0.9994456768035889,335.82801771223467,183.53754584113608,0.9989335536956787,439.20524149500625,201.90413838171034,0.9996429681777954,292.2926420099875,207.96272725499375,0.9855082035064697,510.7667173845193,402.8016005383895,0.9624056220054626,228.24906367041194,380.6037618991885,0.9924484491348267,482.78957943195996,647.9234940699125,0.9992648363113403,191.78926732209737,616.3817688826466,0.9992198944091797,392.75100460362046,833.2853464419475,0.9951376914978027,301.19333255305867,403.3512552668539,0.8561656475067139,451.22693313046193,733.6752399344568,0.8206875920295715,268.8819639513108,724.0759109706617,0.9804370403289795,515.544680477528,996.9863842072409,0.9888714551925659,258.08588873283395,1040.2729010611736,0.8034887313842773,308.5538584581773,1150.7234121410736,0.38465219736099243,298.45261782147315,1142.59451076779
59,0.9283285649383769,0.999430239200592,368.1418734394506,224.59703690699124,0.9999327659606934,398.6693391073658,183.70893804619226,0.999545156955719,335.7251189918851,184.39935919943818,0.9990450143814087,438.93711961610484,201.753252769975,0.9996914863586426,291.9689743289638,207.56310471285892,0.9836978912353516,510.53429307116096,403.14414111267166,0.9565646648406982,228.50148252184766,380.5033503043071,0.9923823475837708,483.56185627340824,649.2573735955056,0.9989055395126343,192.26806335830207,616.6392595193507,0.9992765784263611,393.3524500624219,833.1875195068664,0.9930954575538635,304.3818274032459,402.4731292915106,0.8414794206619263,452.01291354556804,732.2342677122347,0.8071843385696411,271.03644857990014,723.9766697877652,0.9752449989318848,515.7587195692884,998.4570068664169,0.989406406879425,257.23285346441946,1040.4226162609239,0.8525278568267822,314.4981370942571,1150.6944444444443,0.3941754400730133,310.0478893570537,1152.7518336454432
60,0.9325352503972895,0.9995236396789551,368.85216721285894,224.11302278401996,0.9999309778213501,398.6093067259675,183.53294953573658,0.9995746612548828,335.6764005930087,184.06777904572408,0.999116063117981,438.23028831148565,201.7459986540262,0.9996768832206726,291.5730337078651,207.67978015761548,0.9843128323554993,509.9526958489388,402.50065835674155,0.9595673680305481,225.51776100187266,380.8184349641073,0.9914075136184692,480.25139474094874,643.4194561485642,0.9994262456893921,193.8891814918851,617.7886040886392,0.9991254806518555,394.1710557116104,832.5753940387016,0.9923850297927856,304.5050132646692,401.7770511470037,0.8518781065940857,451.7795138888888,732.5906093945068,0.8310196399688721,271.997893258427,726.2774559144818,0.98197340965271,513.5490792759051,996.9995513420723,0.9888298511505127,259.02660736579276,1041.0807779338327,0.7963684797286987,301.28881866416975,1151.108770287141,0.478983074426651,311.15997581148565,1152.9174469413233
61,0.9330383241176605,0.999557614326477,368.57082943195996,223.57682779338325,0.9999286532402039,398.46285892634205,183.23893229166666,0.9995964169502258,335.27650983146066,183.74898808130462,0.9990921020507812,438.1036399812733,201.40134889981272,0.9996286630630493,291.0537609238452,207.02042368913857,0.9843460321426392,510.65455290262173,402.0863081304619,0.9626032114028931,226.0134792446941,380.84198950530583,0.9916896224021912,480.2842150436953,643.8827929931335,0.9994892477989197,193.11041861735328,617.1308813202247,0.9991635084152222,394.94182077091136,832.6134324282147,0.9931268692016602,304.9388459737827,401.5888098860799,0.8389557003974915,451.42024617665413,733.5904338327091,0.8333330154418945,272.0204236891385,726.2030859862671,0.9822285771369934,514.0566479400749,997.6766346754057,0.988309383392334,260.06510416666663,1041.141054151061,0.8027774691581726,316.5262659956304,1159.2459620786517,0.4878254234790802,309.1581811797753,1152.8574633270912
62,0.9317779611138737,0.9994046092033386,368.01581031523096,224.39745727996254,0.9999189972877502,398.54478776529334,183.19562704822096,0.9994971752166748,335.9808052434456,184.04140820068662,0.9990910291671753,438.18591019038695,201.4307189255618,0.9995747804641724,291.5325081928838,207.64895930867664,0.9839043021202087,512.4135358146067,401.9555877418851,0.9632854461669922,225.94588795255925,380.96746742353304,0.9919074773788452,480.42832201935073,643.7995474406991,0.999300479888916,194.5647530430711,615.7344822877652,0.999287486076355,394.2009012172284,833.1517244069912,0.993961751461029,304.5418812421972,399.7686485642946,0.8264729380607605,451.61609511548056,734.385289872035,0.8304154276847839,273.8139825218476,725.8251892166043,0.981008768081665,512.8152797284644,998.2440894194756,0.9925926327705383,259.48453105493127,1039.022315855181,0.8108628988265991,312.8115246566791,1159.698911516854,0.4697391390800476,294.7669417134831,1145.332201935081
63,0.933414687128628,0.9987326860427856,365.3475635923845,224.25120454900124,0.9999158382415771,398.67914130774034,182.80284410112358,0.9994118809700012,333.42530820848935,187.97487027933832,0.9990308880805969,439.0581597222222,200.92688094959425,0.9994584321975708,292.04900124843937,208.93999687890135,0.9833260774612427,512.6737086454432,402.03076232833956,0.9775213003158569,215.63894740948808,379.6912063046192,0.9921753406524658,480.1806335830212,644.0631339731585,0.9991387128829956,196.49193391073658,615.789442883895,0.9991674423217773,394.869060159176,832.1196161048689,0.9934477806091309,305.4152036516854,399.286511977216,0.8442999124526978,451.9810198189763,734.9227528089888,0.8276408910751343,272.9488529962547,724.5657283863919,0.9804688692092896,512.0517322097378,998.9182467228463,0.9946863651275635,256.4449223626716,1037.8636079900125,0.8184568881988525,314.11316908551805,1160.4990831772784,0.46117037534713745,295.95812851123594,1144.4502965043694
64,0.9315507885287789,0.9987064599990845,368.08881476279646,223.39909585674155,0.9999168515205383,399.29663116416975,182.19034068742195,0.9996021389961243,334.74972690387017,186.59935578573658,0.9990161061286926,439.11287648252176,201.14862525358924,0.9995019435882568,292.331119303995,209.58633251404493,0.9838411808013916,514.3288174937578,403.1987847222222,0.9807789325714111,215.5326837546816,383.03536594881393,0.9913253784179688,480.69663896691634,644.3100909019975,0.9986908435821533,191.64920802122344,623.4997756710362,0.9992676973342896,394.132578417603,834.2031445068664,0.9954732060432434,303.4435471285892,405.2432750078027,0.8227930068969727,452.0939158083645,734.43020443196,0.824420690536499,268.69123556491877,724.8209757334581,0.9779974222183228,511.1284234550561,1000.1372308052433,0.9937540292739868,256.36114037141067,1038.4637367353307,0.7906306385993958,311.995698735955,1159.8123439450685,0.48064687848091125,293.9004467072409,1144.9263615792759
65,0.9307809910353493,0.9994710087776184,369.3994323501872,221.13037414169787,0.9999508261680603,400.10572721598,183.06166364310235,0.9994899034500122,336.1161341292135,187.14899832240948,0.9989063739776611,439.6925230181023,201.51853639981272,0.9995416402816772,292.49985369850185,209.07781289013732,0.9840948581695557,515.3169378121098,404.3404728464419,0.982552170753479,216.10730727215974,386.2000380383895,0.9931725859642029,484.3253062578027,650.1823892009987,0.9982390999794006,190.60602957240945,626.4673064918851,0.9994831085205078,394.1673494069912,833.5436173533083,0.9945346117019653,295.6421660424469,419.00051693196,0.8093787431716919,452.5701759519351,735.4372464107365,0.8189807534217834,262.3122464107365,706.2244947721598,0.9851334095001221,513.4706129057428,999.8889083957553,0.992270290851593,256.9149890761548,1038.0682350187265,0.8060539364814758,304.0341175093632,1152.0888927902622,0.46202352643013,293.8859628589263,1146.4008856117352
66,0.9271883543799905,0.9995337128639221,371.22824984394504,221.64279513888889,0.9999756217002869,402.2543597846442,189.03247161750934,0.9995518922805786,340.9969471754057,185.22648691089262,0.9988750219345093,441.1080387796504,200.68868991885142,0.9996885061264038,293.1360213795256,209.47904474875156,0.9842464923858643,515.6498712546816,403.63371469257174,0.958714485168457,217.9910365948814,387.1161292524969,0.9926961660385132,485.17848782771534,650.8343574438202,0.9974817037582397,188.61437851123594,630.816898798377,0.9994533061981201,393.8814762796504,834.3056530898876,0.9957419633865356,300.40545021847686,423.32996839887636,0.8095985651016235,449.5959152621723,736.2137172284644,0.7825433015823364,260.738773798377,723.2093184300874,0.9819618463516235,510.10036282771534,1001.1664130774031,0.9879754781723022,256.8433013420723,1037.7807038077403,0.8090424537658691,317.8253257646692,1160.258563514357,0.4651215076446533,293.87767244069914,1145.7952949438202
67,0.9299209415912628,0.9996331930160522,372.1432194132334,221.69965765449436,0.9999727010726929,402.5493036048689,189.13480951544943,0.9997119903564453,340.54653362983765,185.3768360838015,0.9988812208175659,441.3044241573033,201.18179911828963,0.9996663928031921,291.8944093320848,209.76959952403246,0.982772707939148,513.4154572409487,404.0772033005618,0.9775664806365967,216.86807506242195,390.1934105805243,0.9931023120880127,484.57596949126093,651.630237593633,0.9967551231384277,179.5868933364544,637.8794085518102,0.9994494915008545,393.1142712234706,835.1579080836453,0.9916967153549194,304.02348626716605,425.94369343008736,0.7971552610397339,449.2308930243445,737.9453417602996,0.7863320708274841,261.24936602684147,722.9054502184769,0.9824271202087402,509.5826505930087,998.7389786204743,0.9911075830459595,258.0151763420723,1039.1056101747815,0.8252672553062439,299.1415515761548,1153.2969530274656,0.4871583878993988,293.64490675717855,1145.493036048689
68,0.92927385077757,0.999737024307251,373.1883973158551,220.2543939216604,0.9999704360961914,402.53589263420724,189.31683296270285,0.9998123645782471,340.5169319600499,185.97225879759674,0.9988266229629517,441.58112905742814,201.93778772627965,0.9997009038925171,291.89031289013724,209.30874980493132,0.9830599427223206,511.2717989232209,404.2738568976279,0.9768776893615723,222.96816479400746,389.00322350967537,0.9933191537857056,483.9075667134831,652.7047733302122,0.9970296621322632,178.01205524344567,641.5014435081148,0.9994981288909912,393.9082494538077,832.8555126404494,0.9968526363372803,300.35936524656677,437.8463931803995,0.8029636740684509,449.6499492821473,737.5146301498127,0.7752097845077515,260.7733009519351,721.9330816947565,0.9784125089645386,509.39987125468156,998.7894038701622,0.9921382069587708,256.7115324594257,1039.2859511548065,0.8030118942260742,314.3699769818976,1160.5473626716603,0.5012348294258118,293.7703846754057,1145.3595115480648
69,0.929763443329755,0.9998077154159546,372.35335713171037,218.33794183052433,0.9999663233757019,402.7032615480649,187.49878082084894,0.9997825622558594,340.19697058364545,183.35910678058676,0.9987387657165527,441.48281445068665,202.3695112554619,0.9996598958969116,293.23579900124844,208.24501599563044,0.9802517890930176,510.7712039637952,404.41220934769035,0.9752607345581055,206.82555009363296,394.03470271535576,0.991792619228363,483.943117977528,653.7627769975031,0.9952515363693237,175.40491377965043,641.0804365636703,0.9993889331817627,393.3860018726591,833.3346012796504,0.9975594282150269,298.83231897627957,445.790418227216,0.7975524067878723,450.72136392009986,737.7807525749063,0.7957284450531006,260.95222768414476,724.3955797440699,0.9810152649879456,510.1305497034956,1001.2142049001247,0.9933851957321167,256.19723392634205,1037.8589263420724,0.8008313775062561,314.22089575530583,1159.8125390137327,0.5000055432319641,293.7629720661672,1145.6521145443196
70,0.9272302669637343,0.9998478889465332,371.4840823970037,217.37817961922596,0.9999713897705078,402.263332943196,186.0793027270599,0.999819278717041,337.7791920255929,183.1425927551498,0.9987930655479431,441.4033727372034,202.5731995162297,0.9996438026428223,293.4887055243445,207.99637659956304,0.9826656579971313,511.5729361735331,405.0784663701623,0.9775696992874146,222.5879272003745,392.67275768570534,0.9902224540710449,482.9212507802746,654.1082923689138,0.9982009530067444,176.8209172128589,641.2591682272159,0.9993692636489868,392.7945049157303,834.3000936329588,0.9958111643791199,309.30887172284645,455.0094608302122,0.7715157270431519,448.32972456304617,736.4492626404494,0.7819098234176636,261.0514688670412,723.027368133583,0.9791659116744995,513.1437265917602,1000.3540496254681,0.9963366985321045,252.74525007802742,1034.662433676654,0.8014973998069763,315.16283356741565,1160.4427083333333,0.49057435989379883,296.28691674469405,1145.0148252184767
71,0.9292429001892314,0.9998352527618408,373.88020833333326,213.35964321941321,0.9999669194221497,401.23639396067415,183.09871449750312,0.9998716115951538,336.32154143258424,181.63000594959425,0.9987276196479797,440.98446278089887,203.66401129447564,0.9996485710144043,293.45671426342074,208.35635143570536,0.9838486909866333,509.75967540574277,404.8169036750936,0.9870008230209351,208.4967033395755,396.8202344725343,0.9897719621658325,483.33323579900116,652.8123536985019,0.9970298409461975,175.90692298689135,644.5551946785268,0.9993044137954712,392.8011372503121,834.1926107990012,0.9910664558410645,293.0631632334581,484.12014279026215,0.7660554051399231,448.0324399188514,734.4633661048689,0.8222761154174805,265.6137347846442,723.7261528558053,0.9761470556259155,513.1944932116104,1002.1140566479401,0.9951005578041077,254.828778480025,1036.72109082397,0.8169506192207336,314.2574223626716,1162.2158824906367,0.47452738881111145,297.3575023408239,1144.6589224406991
72,0.9296404263552498,0.9998352527618408,373.6882607677902,209.95033064138576,0.9999797344207764,401.9656581616729,178.68709035580522,0.9998779296875,335.6221227372034,181.4146379525593,0.999161958694458,437.06002262796505,207.70445634363296,0.9996536374092102,294.0879076935081,208.91732014669162,0.9860273599624634,509.8566245318351,405.7666930009363,0.9801350831985474,207.24070497815228,395.8933169475655,0.9912654161453247,482.91881242197246,652.5064372659176,0.9985759258270264,178.80247347066165,639.9801517634207,0.9995242357254028,392.26596637016223,835.6178799937578,0.9987679719924927,308.6874317259675,509.88588483146066,0.7625272870063782,449.99956109550556,734.9801029962547,0.8411677479743958,264.29643609550556,724.4505403401997,0.9783536195755005,512.6767809769038,1001.8642712234706,0.9945993423461914,251.72601630774034,1035.704295411985,0.81657475233078,308.5226474719101,1162.0595349563046,0.45785999298095703,296.448823735955,1145.4363686017477
73,0.9261243220637826,0.9997001886367798,370.70366143882643,205.46043519818974,0.9999881982803345,399.27361306179773,175.80613344647315,0.9999231100082397,335.22710869225966,178.10905313670412,0.9991492033004761,440.65045646067415,202.79053039169787,0.9996277689933777,293.4366709581773,208.74088053995004,0.9869602918624878,505.58408434769035,405.97697702091136,0.962529182434082,208.9114680867665,401.4270735799001,0.9938631057739258,481.6339926654182,651.9827266697878,0.9985875487327576,183.37498049313353,629.84609082397,0.9997131824493408,394.08132412609234,836.2595583645443,0.9969555139541626,307.63089107365795,543.6060880930087,0.7540386915206909,448.2278011860175,731.777416900749,0.8198974132537842,261.9604400749064,698.4110194288389,0.9813921451568604,513.5781445068664,1000.1008504993757,0.9930191040039062,252.52989427278396,1035.859472534332,0.8163993954658508,308.16201427902615,1163.5807779338327,0.4423694312572479,296.1510026529338,1146.053565855181
74,0.9358855976777918,0.9996991157531738,369.4345447097378,202.3466272627965,0.9999899864196777,398.19171348314603,173.4231380696005,0.9999462366104126,333.2829568508115,176.30220525124844,0.9992265701293945,438.66792485955057,202.00119723392632,0.9996209144592285,293.52269623907614,209.12382471129837,0.9897149801254272,508.30709659800243,404.08498166354553,0.9658194780349731,215.5921796972534,404.5665574282147,0.9919072389602661,481.18748049313353,649.5128160112359,0.9993748068809509,189.94035775593005,631.7665905898876,0.9992731809616089,395.79173494069903,835.6208060237203,0.9797181487083435,313.26705875468156,590.1577617821473,0.8298414349555969,440.7138050093632,719.424401139201,0.8627710342407227,264.45619733146066,702.780362437578,0.9818357229232788,511.24834191635455,1000.3550249687889,0.9926372170448303,252.16638381710356,1035.953495630462,0.8373165130615234,309.9672772315855,1164.6745279338327,0.48136258125305176,294.5846012796504,1148.118270131086
75,0.938781317542581,0.9996856451034546,369.3314996878901,200.1802678292759,0.9999872446060181,397.9656289013733,171.83822955680398,0.9999241828918457,333.54147159800243,174.4122337312734,0.9993641376495361,437.68409605181023,202.731509928995,0.99959397315979,293.84616885143566,208.99481117353307,0.9903801679611206,509.2099231429463,403.143458372347,0.9619425535202026,217.11532459425717,405.45621683832707,0.9903997182846069,478.5687324438202,647.1532166822722,0.9997164607048035,195.1274286048689,634.1446239076155,0.9984381198883057,394.9836142322097,836.0114310237203,0.9976668357849121,309.43581265605485,629.9692279182271,0.8700208067893982,451.664862281523,734.1688611891385,0.8729302287101746,276.36070146691634,720.1987262016229,0.9773743748664856,512.3359960205992,1000.0958762484394,0.9934998750686646,251.22917642009986,1037.0206187578026,0.8279471397399902,312.60972612359546,1164.8339965667915,0.48041093349456787,294.9135358146067,1147.6294280586767
76,0.938928460373598,0.9996820688247681,368.8750390137328,198.84541296036204,0.9999886751174927,397.1585810705368,171.3940825920724,0.9999198913574219,333.2576466916354,174.0681569912609,0.9993559122085571,436.9156718164794,202.56440923455054,0.9995520114898682,293.2452110642946,208.54142283083644,0.9905626773834229,506.2840394818976,404.43542251872657,0.9685291647911072,214.01500078027465,408.6853347378277,0.9926470518112183,481.50441830524335,648.4692961922597,0.9993179440498352,198.87381983458175,630.1867294787764,0.9985097646713257,399.24381632334575,831.6551576154806,0.9897172451019287,300.40374336766536,671.220154494382,0.8606175780296326,455.95261782147315,730.2709503745318,0.861625075340271,267.8314704275905,711.6725674937578,0.9763696193695068,509.9838093008739,1000.65026139201,0.9913261532783508,250.32517946317103,1036.551088483146,0.8249385356903076,313.7889649656679,1166.4231234394506,0.5091244578361511,293.21882802746563,1148.1168071161048
77,0.927145382937263,0.9996848702430725,367.9677258895131,198.8973134168227,0.9999896883964539,396.07531601123594,171.1666081460674,0.9999157786369324,333.0459971910112,173.8347939099563,0.99934983253479,435.9608107053682,202.62186914794006,0.9995650053024292,292.36086727528084,208.40516736891385,0.9898810386657715,503.52011157927586,405.98456031523096,0.9665253162384033,217.60962858926337,409.38402192571783,0.9807853698730469,475.5747698189763,643.6244733146067,0.997036337852478,203.77740714731584,635.6694756554307,0.9983673691749573,395.66611072097373,833.9261470037453,0.9779441356658936,307.2153948189763,701.8915320692884,0.6781177520751953,460.4073033707865,721.1448092228464,0.8349795341491699,268.8334406210986,726.4564314138577,0.9789891242980957,508.42789286828963,1002.0111579275905,0.9898027181625366,249.52135026529334,1036.4663311485642,0.8253886699676514,317.48468710986265,1166.9736072097378,0.5451489686965942,293.57702286204744,1147.7845076466915
78,0.9225068618269527,0.9997071623802185,367.4084152621723,199.23768385221598,0.9999905228614807,395.27660736579276,171.44996976435704,0.9999163746833801,332.1584835362047,173.88287833567415,0.9993441104888916,435.28333723470655,202.01548601357678,0.9996141195297241,290.54292485955057,209.30948131242195,0.9905332326889038,503.4672479712858,406.2740422128589,0.9578955173492432,219.81566011235952,408.6624873205368,0.9902992844581604,478.10266463795256,649.51067025593,0.9953579902648926,183.70391502808985,632.3692552278402,0.999657392501831,402.72208567415726,831.1395911360798,0.9732913970947266,318.3722007646692,723.9923240480649,0.6403581500053406,445.78841877340824,709.8144897003745,0.7997771501541138,274.0154884519351,750.9614446785268,0.9748942852020264,507.3283883426966,1004.8331187578027,0.9889893531799316,250.2174040262172,1029.1297986891386,0.8415960669517517,316.5871761860175,1165.5747698189762,0.5313945412635803,292.9150085830212,1148.719081616729
79,0.9235731976873734,0.9997280240058899,366.1671445848939,199.36039423377028,0.9999918341636658,393.9972007646692,171.55078368835828,0.9999237656593323,330.9912414169787,174.3249161204744,0.9993134140968323,434.7566030742821,202.46608243601747,0.9996646642684937,289.14862281523096,209.58023661828963,0.9909654855728149,503.03005032771534,406.79780157615477,0.9690070748329163,217.43377418851435,410.2772413389513,0.9893677234649658,478.0231741573033,649.1219471754057,0.9987044334411621,188.43198931023716,635.9572507022472,0.9996752738952637,406.0976513732834,832.6311836766541,0.9873009920120239,328.2419924313358,761.4421426342072,0.723353385925293,444.8310217696629,715.3046972534331,0.7822503447532654,256.4407283863919,745.4054502184769,0.9769637584686279,505.5691615948814,1001.4768648564294,0.9730515480041504,258.4620298845193,1033.8531913233458,0.8216017484664917,313.20419787765286,1166.343145287141,0.48988088965415955,293.82344335205994,1150.2099914169787
80,0.9244816233130062,0.999707818031311,364.5917212858926,200.65083440621098,0.9999899864196777,393.0873517478152,171.98134899734706,0.9999364018440247,328.92921933520597,174.9310798025905,0.9991883039474487,426.7026080680399,206.59202851903868,0.9996938705444336,288.2230220037453,209.83875136548065,0.9896535873413086,500.12318586142317,407.2747200764669,0.9684475660324097,217.16599367977523,411.1949906367041,0.9886745810508728,478.0421933520598,649.3600772471909,0.9993746280670166,196.82847612359546,638.1197819132334,0.9997248649597168,404.1656425561797,833.0911555867665,0.9945210218429565,320.78924781523096,787.6156269506866,0.7659515142440796,444.41781757178524,720.479039872035,0.7683401107788086,256.68397901061167,739.5241787609237,0.9748597145080566,505.00716877340824,1001.8513966916354,0.980636477470398,255.39691596441946,1032.161165730337,0.7916686534881592,313.987886235955,1167.0987437578026,0.49581849575042725,294.28599992197246,1148.3723470661673
81,0.9293244586271399,0.9997087717056274,363.0184437421972,201.2780533122659,0.9999894499778748,392.2742567883895,172.9683110955056,0.9999349117279053,327.4984882178527,175.51211620240323,0.9991616010665894,430.63641151685385,204.83694698033707,0.9997512102127075,286.949711298377,210.61095505617976,0.988959550857544,496.04381242197246,408.065308988764,0.9649708271026611,219.38733809300874,410.585986267166,0.9883458018302917,477.90964419475654,649.6984238451935,0.9993654489517212,197.3178546348314,639.2997034956304,0.9991129636764526,410.90009558364545,828.8905469725343,0.9958493709564209,308.67411828963793,795.5252223782771,0.8130501508712769,448.07706187578026,738.924683988764,0.7894566059112549,252.2056901529338,742.2547986891385,0.9727985858917236,505.737700920724,1003.6760689762796,0.9828023910522461,261.2865266073658,1037.417485955056,0.7533531785011292,314.1181433364544,1162.1153245942571,0.5519049763679504,358.5851182116104,1041.821161048689
82,0.9284145446384654,0.9996687769889832,361.60443976279646,202.16516463795256,0.9999886751174927,391.77453963795256,173.6564889591136,0.9999226331710815,325.7549644975031,175.9928873088327,0.9990614056587219,429.40084659800243,205.4870376872659,0.9997687339782715,285.74443078963793,211.92757100499375,0.9859479665756226,493.9590648408239,407.43099446004993,0.9684224128723145,218.67294787765292,410.13211025280896,0.9884388446807861,479.217677122347,649.8602333021223,0.9994475841522217,197.47737203495626,639.2253823345817,0.997778594493866,412.2046660424469,830.3926732209737,0.9979242086410522,307.44572214419475,795.9024851747815,0.8213082551956177,448.2635962858926,734.2436212546816,0.8538424968719482,247.98767166042444,745.0232619382022,0.9678163528442383,506.51431803995,1004.0863959113608,0.9842624664306641,265.49118289637954,1036.4199048064918,0.791451096534729,314.9890761548064,1162.4774695692884,0.42799675464630127,294.92997034956306,1147.776997503121
83,0.9335296609822441,0.9997045993804932,364.9189977372034,203.24389435081147,0.9999890327453613,391.21742353308366,174.20909410112358,0.9999323487281799,323.8366592540574,176.74409673455054,0.9989498853683472,428.53976474719093,204.7965189996879,0.9997881650924683,287.2148096129837,213.45608029026215,0.9876645803451538,495.17580563358297,407.28466857833956,0.9575393199920654,220.31215862983765,410.7487710674157,0.9907412528991699,479.56826427902615,650.1470330056179,0.9994498491287231,196.5371410736579,639.430253199126,0.9988452792167664,412.91237515605485,831.2680438514357,0.9967811107635498,312.1113744538077,799.5830407303371,0.8186070919036865,448.2447233926341,737.3763752340824,0.8102716207504272,247.45225694444446,743.7547304151061,0.9689770936965942,511.2391736891385,1003.3073892009987,0.9748526215553284,262.07670099875156,1037.332240948814,0.8206567764282227,317.0268609550561,1162.2830836454432,0.5472536087036133,373.93443742197246,992.046270287141
84,0.9376731199376723,0.9996915459632874,364.5948423845193,203.0650407693508,0.9999899864196777,390.5770131086142,173.9667090941011,0.9999278783798218,323.3206051029962,176.5391649110487,0.9989891052246094,427.9468535424469,204.82743738295878,0.9997988939285278,287.1293695380774,213.35023115636702,0.9871671199798584,493.32879798689135,407.90769350811485,0.9613319635391235,218.71488764044943,410.389454588015,0.9888261556625366,480.31820575842687,649.94713639201,0.999311089515686,195.48152699750307,639.6287355649188,0.9987506866455078,413.9238061797753,832.7725109238452,0.9962562322616577,310.0336493445692,800.0662745786516,0.7963147759437561,445.2940172440699,734.3753413701622,0.8159801959991455,246.49042212858922,741.3412921348314,0.9778038263320923,509.98751560549306,1000.8409410112359,0.989696741104126,257.98016151685385,1032.8307389200997,0.8377227783203125,316.5562578027466,1163.704061329588,0.5928840637207031,357.66351630774034,992.3729127652933
85,0.9438512675902423,0.9996846318244934,359.93128706304617,201.75503277153558,0.9999906420707703,390.09202364232203,173.5057496488764,0.9999234080314636,323.21804775280896,176.2189962741885,0.9988861083984375,427.56612827715355,204.08060481039325,0.9998060464859009,286.5985877028713,213.03017224563044,0.9861257076263428,490.8079744069912,408.1999063670412,0.9639471769332886,215.96051810237202,409.19943820224717,0.9882460832595825,480.5614563826466,649.7853269350811,0.9993704557418823,195.84981663545562,641.5956616729088,0.9989234805107117,409.7593828027465,835.2969920411985,0.9949265718460083,311.4299508426966,801.2023544787764,0.8044326305389404,447.03944288389505,731.2076700998751,0.8186829090118408,244.31740597690384,741.64296582397,0.9792143106460571,512.9151548845193,999.9665457240948,0.9817255735397339,260.0405742821473,1034.6082045880148,0.8418217897415161,310.16975850499375,1162.9600694444443,0.6897640228271484,361.4576505930087,1000.5476552746567
86,0.9504300811711479,0.9996887445449829,364.0851767322097,202.9271759909488,0.9999935626983643,387.9668480805243,174.47466789559925,0.9998745918273926,325.4348080524344,178.42238217852682,0.9989143013954163,426.83559612983765,204.50550093632958,0.999783456325531,285.82918812421974,211.6481107599875,0.9871063828468323,492.825130696005,407.1845495864544,0.9645766019821167,215.07407732521847,408.2334825608614,0.9901868104934692,480.1727333021223,649.5896242977527,0.9993650317192078,196.02396418539325,641.8383270911361,0.9987049102783203,408.3684944600499,833.9220505617977,0.9952890872955322,315.18180399500625,804.0550386235955,0.799889087677002,450.2289618445692,730.4606058832709,0.8430272340774536,242.4474777621723,742.0256905430712,0.9792194366455078,512.0263732833957,1001.3805009363296,0.9820647239685059,262.5354537297128,1036.4481897627963,0.8558033108711243,313.23238529962543,1163.0820848938827,0.7638241052627563,363.66490129525585,991.250097534332
87,0.9493377243771273,0.9996272921562195,359.17754174469405,199.35259148720348,0.9999938011169434,386.840570380774,172.99916851981897,0.9998332858085632,324.8087839419476,175.72477762172284,0.9987152814865112,430.56038350499375,201.18031171972532,0.999753475189209,285.7559398408239,210.3505383895131,0.9856240749359131,492.8062090355804,406.8055311719725,0.9771050810813904,214.9033922440699,408.08115831772784,0.9850276112556458,478.22107131710356,648.4603718008739,0.9991595149040222,195.98914442883893,641.8593945068664,0.9973822236061096,408.7610701466916,832.457475031211,0.9970940351486206,315.0940718632959,804.0100265293382,0.8137961626052856,449.6824769818976,730.6848860799001,0.7735760807991028,240.99470388576776,739.796689684769,0.9814764261245728,511.2960849719101,1001.4830095193507,0.9845147728919983,262.8824808832709,1037.34375,0.8828315138816833,314.68696356117346,1162.8197175405742,0.7632306814193726,364.44376170411977,980.0690543071161
88,0.940275094088386,0.9996927976608276,358.0619440543071,196.51098968086765,0.9999938011169434,387.13531913233453,170.9066060003121,0.9998176097869873,323.6926498127341,173.21859638342696,0.998843252658844,427.4389435081148,202.52100645677277,0.9997021555900574,285.5650651529338,210.05949594257177,0.9861698746681213,493.1339243913857,405.8821492665418,0.9751923084259033,213.9278050873907,407.23687675561797,0.9858779311180115,479.3739758895131,649.309505696005,0.9991965293884277,196.32178526841443,642.0375409644195,0.9982151985168457,404.9292388420723,837.3428721910112,0.9964925050735474,316.56196356117346,805.6315835674156,0.815658450126648,448.3331870318351,729.9840043695381,0.7523431777954102,241.11335440074902,739.5768960674156,0.9763184785842896,511.87929151061167,1004.7428019662921,0.9867485761642456,264.4859940699125,1038.303097690387,0.8757261037826538,313.13963014981266,1162.2665028089887,0.6386878490447998,365.9137016229713,986.2480493133583
89,0.9355629086494446,0.9997049570083618,357.7686095505618,195.04955963249063,0.9999934434890747,387.29864037141067,169.43914101513732,0.9998353719711304,322.28498556491877,171.85986998673533,0.9988426566123962,430.53717033395753,200.25361364700373,0.9997090101242065,285.53297635767785,209.06281698657926,0.9869124889373779,494.4092345505618,406.35760475187266,0.9643467664718628,216.08238725031208,406.94342033395753,0.9862085580825806,479.4091370162297,649.1956343632959,0.9990103244781494,196.91152660736577,642.5122405586766,0.9982484579086304,405.30181999063666,836.8555906679151,0.9957585334777832,317.8936485642946,805.5465336298377,0.824263334274292,448.96506320224717,730.6164169787764,0.7512933015823364,240.87907693508112,739.2932662297128,0.9705693125724792,513.1513830368289,1007.2929346129837,0.9839839935302734,264.25205797440697,1038.4161399812733,0.8403598070144653,315.583742977528,1162.647179307116,0.6055291295051575,353.4875351123595,1030.2122347066168
